specimen,was_preterm
A00003-02,False
A00004-08,False
A00004-12,False
A00004-13,False
A00005-02,False
A00005-05,False
A00006-01,False
A00008-02,True
A00008-08,True
A00008-13,True
A00008-14,True
A00008-16,True
A00009-04,False
A00009-09,False
A00009-11,False
A00010-01,False
A00010-02,False
A00010-03,False
A00010-05,False
A00011-01,False
A00011-03,False
A00011-05,False
A00011-06,False
A00012-01,True
A00012-03,True
A00012-04,True
A00012-06,True
A00012-07,True
A00012-08,True
A00012-09,True
A00012-10,True
A00012-13,True
A00012-14,True
A00012-17,True
A00012-18,True
A00012-19,True
A00012-20,True
A00012-22,True
A00012-23,True
A00013-03,False
A00013-04,False
A00013-05,False
A00013-06,False
A00013-07,False
A00013-08,False
A00013-09,False
A00013-10,False
A00014-01,False
A00014-02,False
A00014-04,False
A00014-11,False
A00014-13,False
A00014-17,False
A00014-20,False
A00014-21,False
A00015-17,False
A00016-01,False
A00016-04,False
A00017-01,False
A00017-12,False
A00017-14,False
A00018-01,False
A00018-02,False
A00018-08,False
A00018-12,False
A00018-14,False
A00018-16,False
A00018-20,False
A00019-02,False
A00019-03,False
A00019-04,False
A00019-05,False
A00019-06,False
A00019-07,False
A00020-05,False
A00020-06,False
A00020-12,False
A00020-15,False
A00020-20,False
A00021-08,True
A00021-09,True
A00021-10,True
A00021-11,True
A00021-13,True
A00022-03,True
A00022-05,True
A00022-08,True
A00022-09,True
A00022-10,True
A00022-13,True
A00022-15,True
A00022-16,True
A00022-17,True
A00022-18,True
A00023-04,False
A00023-13,False
A00023-16,False
A00023-19,False
A00023-20,False
A00023-21,False
A00023-22,False
A00024-07,False
A00024-15,False
A00024-22,False
A00024-25,False
A00025-14,True
A00025-16,True
A00026-06,False
A00026-07,False
A00026-08,False
A00026-09,False
A00026-11,False
A00026-13,False
A00026-17,False
A00027-03,False
A00027-04,False
A00028-02,False
A00028-08,False
A00028-09,False
A00028-10,False
A00028-12,False
A00028-22,False
A00029-03,False
A00029-06,False
A00029-10,False
A00029-18,False
A00029-19,False
A00029-25,False
A00029-26,False
A00029-28,False
A00030-22,False
A00031-06,False
A00031-09,False
A00032-04,False
A00032-06,False
A00032-12,False
A00033-01,False
A00033-14,False
A00033-17,False
A00033-19,False
A00033-20,False
A00034-03,False
A00034-04,False
A00034-07,False
A00034-08,False
A00034-09,False
A00034-10,False
A00034-16,False
A00034-19,False
A00034-20,False
A00034-29,False
A00035-03,False
A00035-08,False
A00035-09,False
A00035-10,False
A00035-12,False
A00035-16,False
A00036-02,False
A00036-03,False
A00036-05,False
A00036-08,False
A00036-11,False
A00036-19,False
A00037-02,False
A00037-04,False
A00037-06,False
A00037-07,False
A00037-10,False
A00038-01,False
A00038-03,False
A00039-02,True
A00039-07,True
A00039-08,True
A00039-09,True
A00039-10,True
A00039-12,True
B00001-01,False
B00003-01,False
B00004-01,False
B00005-01,False
B00006-01,False
B00007-01,False
B00008-01,True
B00009-01,False
B00010-01,True
B00011-01,False
B00012-01,False
B00013-01,False
B00014-01,False
B00016-01,False
B00017-01,False
B00018-01,True
B00019-01,True
B00021-01,False
B00024-01,True
B00028-01,False
B00029-01,True
B00031-01,False
B00033-01,False
B00034-01,False
B00035-01,True
B00036-01,False
B00037-01,False
B00038-01,False
B00040-01,False
B00041-01,False
B00042-01,True
B00043-01,True
B00045-01,True
C00001-01,True
C00001-02,True
C00001-03,True
C00002-01,True
C00003-01,True
C00003-02,True
C00004-01,True
C00004-02,True
C00005-01,True
C00005-02,True
C00006-01,True
C00007-01,True
C00008-01,True
C00008-02,True
C00010-01,True
C00010-02,True
C00011-01,True
C00011-02,True
C00012-02,True
C00013-01,True
C00014-01,True
C00014-02,True
C00015-01,True
C00016-01,True
C00017-01,True
C00021-01,True
C00022-01,True
C00023-01,True
C00027-01,True
C00028-01,True
C00028-02,True
C00029-01,True
C00029-02,True
C00034-01,True
C00035-01,True
C00036-01,True
C00036-02,True
C00037-01,True
C00038-01,True
C00040-01,True
C00040-02,True
C00042-01,True
C00043-01,True
C00043-02,True
C00044-01,True
C00046-01,True
C00047-01,True
C00049-01,True
C00050-01,True
C00051-01,True
C00052-01,True
C00053-01,True
C00054-01,False
C00054-02,False
C00054-03,False
C00055-01,True
C00056-01,True
C00056-02,True
C00057-01,True
C00059-01,True
C00059-02,True
C00060-01,True
C00061-01,True
C00061-02,True
C00061-03,True
C00061-04,True
C00062-01,True
C00062-02,True
C00062-03,True
C00063-01,False
C00064-01,False
C00066-01,False
C00067-01,False
C00068-01,False
C00069-01,False
C00070-01,False
C00072-01,False
C00073-01,False
C00074-01,False
C00075-01,False
C00076-01,False
C00077-01,False
C00078-01,False
C00079-01,False
C00080-01,False
C00081-01,False
C00084-01,True
C00086-01,True
C00086-02,True
C00089-01,True
C00090-01,True
C00091-01,True
C00092-01,True
C00093-01,True
C00094-01,True
C00095-01,True
C00096-01,True
C00097-01,True
C00099-01,True
C00100-01,True
C00101-01,True
C00102-01,True
C00103-01,True
C00104-01,True
C00105-01,True
C00105-02,True
C00105-03,True
C00107-01,True
C00108-01,True
C00109-01,True
C00110-01,True
C00111-01,True
C00113-01,True
C00113-02,True
C00114-01,True
C00114-02,True
C00115-01,True
C00115-03,True
C00116-01,True
D00001-01,True
D00002-02,True
D00003-01,True
D00004-01,True
D00004-02,True
D00004-03,True
D00005-01,True
D00006-01,True
D00006-02,True
D00006-04,True
D00006-05,True
D00007-01,True
D00008-01,True
D00008-02,True
D00009-01,True
D00011-01,True
D00012-01,True
D00013-03,True
D00014-01,True
D00015-01,True
D00015-02,True
D00015-03,True
D00016-01,True
D00016-02,True
D00016-03,True
D00017-05,True
D00018-01,True
D00018-02,True
D00018-03,True
D00018-04,True
D00019-03,True
D00019-04,True
D00020-01,True
D00020-02,True
D00021-01,True
D00021-02,True
D00021-03,True
D00021-05,True
D00021-06,True
D00021-07,True
D00021-08,True
D00022-01,True
D00022-02,True
D00022-03,True
D00023-02,True
D00024-01,True
D00025-02,True
D00025-03,True
D00026-01,True
D00027-01,True
D00028-01,True
D00028-03,True
D00028-04,True
D00028-05,True
D00029-01,True
D00029-02,True
D00029-03,True
D00029-04,True
D00032-01,False
D00036-01,False
D00039-01,False
D00044-01,False
D00046-01,False
D00049-01,False
D00050-02,True
D00051-05,True
D00052-02,True
D00053-02,True
D00054-01,True
D00054-02,True
D00054-03,True
D00054-04,True
D00054-05,True
D00056-01,True
D00056-02,True
D00056-03,True
D00057-01,True
D00057-02,True
D00058-03,True
D00059-01,True
D00059-02,True
D00060-04,True
D00061-01,True
D00061-02,True
D00061-04,True
D00062-03,True
D00066-02,True
D00067-01,True
D00067-04,True
D00069-01,True
D00071-02,True
D00071-04,True
D00073-01,False
D00074-02,True
D00075-01,False
D00075-02,False
D00075-03,False
D00076-03,False
D00076-05,False
D00077-01,True
D00080-01,True
D00080-02,True
D00080-03,True
D00081-01,False
D00081-02,False
D00082-02,True
D00082-03,True
D00084-01,True
D00084-02,True
D00085-01,True
D00086-04,True
D00088-01,False
D00088-02,False
D00088-03,False
D00092-01,False
D00092-02,False
D00093-01,False
D00094-01,True
D00095-02,True
D00095-03,True
D00096-01,True
D00096-02,True
D00097-01,True
D00097-02,True
D00098-02,False
D00098-03,False
D00098-04,False
E00001-02,False
E00002-02,False
E00005-01,False
E00005-02,False
E00005-03,False
E00005-04,False
E00007-01,False
E00007-04,False
E00008-03,False
E00009-01,False
E00009-02,False
E00009-03,False
E00009-04,False
E00012-02,False
E00012-03,False
E00012-05,False
E00013-01,False
E00013-02,False
E00013-03,False
E00013-04,False
E00014-01,False
E00015-01,False
E00016-02,False
E00017-02,False
E00017-03,False
E00017-04,False
E00018-01,False
E00019-01,False
E00019-03,False
E00020-01,False
E00020-02,False
E00020-03,False
E00021-01,False
E00021-02,False
E00021-03,False
E00022-01,False
E00023-01,False
E00023-03,False
E00023-04,False
E00023-05,False
E00024-01,False
E00024-02,False
E00024-03,False
E00024-04,False
E00024-06,False
E00024-07,False
E00025-01,False
E00025-03,False
E00026-01,False
E00026-02,False
E00026-04,False
E00026-05,False
E00027-01,False
E00027-02,False
E00027-04,False
E00028-01,False
E00028-02,False
E00029-03,False
E00029-04,False
E00030-02,False
E00030-04,False
E00030-05,False
E00030-06,False
E00031-02,False
E00032-01,False
E00032-02,False
E00032-03,False
E00032-04,False
E00032-05,False
E00033-02,False
E00033-03,False
E00034-01,False
E00034-02,False
E00035-01,False
E00035-02,False
E00036-01,False
E00036-02,False
E00037-01,False
E00037-02,False
E00037-03,False
E00038-02,False
E00039-01,False
E00039-02,False
E00039-03,False
E00040-02,False
E00040-04,False
E00041-02,False
E00041-03,False
E00041-04,False
E00042-01,False
E00042-02,False
E00042-03,False
E00044-01,False
E00048-01,False
E00049-01,False
E00049-02,False
E00050-01,False
E00050-02,False
E00052-01,False
E00053-01,False
E00060-01,False
E00061-02,False
E00062-02,False
E00065-04,False
E00069-05,False
E00071-02,False
E00075-02,True
E00075-03,True
E00076-01,True
E00077-02,True
E00078-03,True
E00079-01,True
E00080-02,True
E00080-03,True
E00081-01,True
E00082-01,True
E00083-01,True
E00083-02,True
E00083-03,True
E00083-06,True
E00084-01,True
E00084-02,True
E00084-03,True
E00085-01,True
E00085-02,True
E00085-03,True
E00086-02,True
E00087-03,True
E00087-04,True
E00087-05,True
E00087-07,True
E00088-01,True
E00089-01,True
E00090-01,True
E00090-02,True
E00090-03,True
E00090-04,True
F00002-01,True
F00003-01,True
F00003-02,True
F00003-03,True
F00004-01,True
F00004-02,True
F00005-01,False
F00005-02,False
F00006-01,False
F00006-02,False
F00006-03,False
F00007-01,True
F00007-02,True
F00007-03,True
F00008-01,False
F00008-02,False
F00008-03,False
F00009-01,False
F00009-02,False
F00009-03,False
F00010-01,False
F00010-02,False
F00011-01,False
F00011-02,False
F00012-01,False
F00013-01,False
F00013-02,False
F00014-01,False
F00014-02,False
F00015-01,False
F00016-01,False
F00016-02,False
F00017-01,False
F00017-02,False
F00017-03,False
F00018-01,False
F00018-02,False
F00019-01,False
F00019-02,False
F00019-03,False
F00020-01,False
F00020-02,False
F00021-01,False
F00021-02,False
F00021-03,False
F00022-01,True
F00023-01,False
F00023-02,False
F00024-01,True
F00024-02,True
F00025-01,False
F00025-02,False
F00025-03,False
F00026-01,True
F00026-02,True
F00026-03,True
F00027-01,False
F00027-02,False
F00028-01,True
F00028-02,True
F00028-03,True
F00029-01,False
F00030-01,True
F00030-02,True
F00031-01,False
F00032-01,False
F00032-02,False
F00032-03,False
F00033-01,True
F00034-01,True
F00035-01,False
F00036-01,False
F00036-02,False
F00036-03,False
F00037-01,False
F00037-02,False
F00038-01,False
F00038-02,False
F00038-03,False
F00039-01,False
F00040-01,True
F00040-02,True
F00041-01,False
F00042-01,False
F00042-02,False
F00043-01,False
F00043-02,False
F00044-01,False
F00045-01,False
F00046-01,True
F00047-01,True
F00047-02,True
F00047-03,True
F00048-01,False
F00048-02,False
F00049-01,True
F00049-02,True
F00050-01,False
F00050-02,False
F00051-01,False
F00051-02,False
F00052-01,True
F00053-01,True
F00053-02,True
F00053-03,True
F00054-01,False
F00054-02,False
F00055-01,False
F00056-01,False
F00057-01,True
F00057-02,True
F00057-03,True
F00058-01,False
F00059-01,False
F00060-01,True
F00060-02,True
F00061-01,False
F00061-02,False
F00062-01,False
F00063-01,False
F00064-01,False
F00065-01,False
F00066-01,False
F00067-01,False
F00067-02,False
F00068-01,True
F00070-01,False
F00071-01,False
F00072-01,False
F00073-01,True
F00074-01,False
G00001-01,True
G00001-02,True
G00001-03,True
G00001-04,True
G00001-05,True
G00001-07,True
G00001-08,True
G00001-09,True
G00001-10,True
G00001-11,True
G00001-12,True
G00001-13,True
G00002-04,True
G00002-05,True
G00002-08,True
G00002-09,True
G00002-11,True
G00002-12,True
G00002-13,True
G00002-15,True
G00003-03,True
G00003-04,True
G00003-06,True
G00004-01,True
G00004-03,True
G00004-06,True
G00004-08,True
G00004-09,True
G00004-11,True
G00004-13,True
G00004-15,True
G00004-18,True
G00004-21,True
G00005-02,True
G00005-04,True
G00005-05,True
G00005-06,True
G00005-07,True
G00005-09,True
G00005-10,True
G00005-11,True
G00005-12,True
G00005-16,True
G00005-17,True
G00005-18,True
G00005-19,True
G00006-01,True
G00006-02,True
G00006-03,True
G00006-04,True
G00006-05,True
G00006-06,True
G00006-07,True
G00006-08,True
G00006-09,True
G00006-10,True
G00006-11,True
G00006-12,True
G00006-13,True
G00006-14,True
G00006-15,True
G00006-17,True
G00007-01,True
G00007-02,True
G00007-03,True
G00007-04,True
G00007-05,True
G00007-06,True
G00007-07,True
G00007-08,True
G00007-09,True
G00007-10,True
G00008-02,True
G00008-06,True
G00008-08,True
G00008-10,True
G00008-11,True
G00008-12,True
G00008-13,True
G00008-15,True
G00008-16,True
G00008-18,True
G00008-21,True
G00009-01,True
G00009-02,True
G00009-03,True
G00009-04,True
G00009-05,True
G00009-10,True
G00009-11,True
G00009-13,True
G00010-05,False
G00010-08,False
G00010-09,False
G00010-17,False
G00011-09,False
G00011-15,False
G00011-18,False
G00012-04,False
G00012-05,False
G00012-09,False
G00012-13,False
G00012-14,False
G00012-15,False
G00012-16,False
G00012-18,False
G00013-01,False
G00013-02,False
G00013-03,False
G00013-06,False
G00013-08,False
G00013-09,False
G00013-15,False
G00013-16,False
G00013-18,False
G00013-19,False
G00013-20,False
G00013-21,False
G00013-22,False
G00014-04,False
G00014-06,False
G00014-07,False
G00014-08,False
G00014-09,False
G00014-11,False
G00014-15,False
G00014-16,False
G00014-18,False
G00014-21,False
G00014-22,False
G00014-24,False
G00014-25,False
G00014-27,False
G00015-01,False
G00015-02,False
G00015-03,False
G00015-04,False
G00015-12,False
G00016-01,False
G00016-02,False
G00016-04,False
G00016-07,False
G00016-14,False
G00016-16,False
G00016-19,False
G00016-20,False
G00016-21,False
G00017-04,False
G00017-06,False
G00017-13,False
G00017-18,False
G00018-02,False
G00018-06,False
G00018-12,False
G00018-13,False
G00018-19,False
G00018-20,False
G00019-01,False
G00019-02,False
G00019-04,False
G00019-06,False
G00019-07,False
G00019-08,False
G00019-14,False
G00019-15,False
G00019-16,False
G00019-17,False
G00019-18,False
G00019-20,False
G00019-23,False
G00019-24,False
G00019-25,False
G00019-28,False
G00019-32,False
G00020-04,False
G00020-05,False
G00020-09,False
G00020-13,False
G00020-23,False
G00021-01,False
G00021-03,False
G00021-04,False
G00021-08,False
G00022-05,False
G00022-13,False
G00022-18,False
G00023-02,False
G00023-06,False
G00023-08,False
G00023-09,False
G00024-04,False
G00024-09,False
G00024-12,False
G00024-15,False
G00025-03,False
G00025-09,False
G00025-12,False
G00025-18,False
G00025-21,False
G00026-05,False
G00026-09,False
G00026-13,False
G00027-09,False
G00027-16,False
G00028-06,False
G00028-16,False
G00028-17,False
G00028-20,False
G00028-21,False
G00029-03,False
G00029-07,False
G00029-08,False
G00029-11,False
G00029-13,False
G00029-14,False
G00029-15,False
G00029-17,False
G00030-10,False
G00031-03,False
G00031-13,False
G00032-08,False
G00032-09,False
G00032-10,False
G00033-01,False
G00033-03,False
G00033-04,False
G00033-05,False
G00033-06,False
G00033-07,False
G00033-08,False
G00033-10,False
G00033-12,False
G00034-03,False
G00034-13,False
G00034-14,False
G00034-16,False
G00035-01,False
G00035-02,False
G00035-04,False
G00035-05,False
G00035-06,False
G00035-14,False
G00035-19,False
G00035-21,False
G00036-09,False
G00037-05,False
G00037-08,False
G00037-09,False
G00039-04,False
G00039-05,False
G00039-09,False
G00039-14,False
G00039-15,False
G00039-18,False
G00039-19,False
G00040-01,True
G00041-01,True
G00042-02,True
G00042-03,True
G00042-04,True
G00042-05,True
G00043-01,True
G00043-02,True
G00044-04,True
G00044-05,True
G00045-01,True
G00046-01,True
G00046-02,True
G00046-03,True
G00046-04,True
G00046-06,True
G00046-08,True
G00046-09,True
G00047-01,True
G00048-02,True
G00048-05,True
G00049-02,True
G00050-01,True
G00051-02,True
G00051-03,True
G00051-07,True
G00052-01,True
G00052-05,True
G00052-06,True
G00052-07,True
G00053-04,True
G00053-05,True
G00053-06,True
G00054-01,True
G00054-02,True
G00054-06,True
G00054-12,True
G00055-01,True
G00055-03,True
G00055-04,True
G00055-08,True
G00055-09,True
G00056-02,True
G00056-03,True
G00056-05,True
G00056-07,True
G00056-08,True
G00056-09,True
G00057-01,True
G00057-05,True
G00057-06,True
G00057-08,True
G00057-10,True
G00058-03,True
G00058-04,True
G00058-06,True
G00058-12,True
G00058-14,True
G00058-16,True
G00059-01,True
G00059-05,True
G00059-12,True
G00059-13,True
G00060-05,True
G00060-06,True
G00060-09,True
G00061-01,True
G00061-02,True
G00061-03,True
G00061-04,True
G00061-05,True
G00061-06,True
G00061-07,True
G00061-08,True
G00061-09,True
G00061-10,True
G00061-11,True
G00061-12,True
G00061-13,True
G00062-01,True
G00064-05,True
G00064-08,True
G00064-10,True
G00064-11,True
G00065-08,True
G00065-09,True
G00065-10,True
G00066-04,True
G00066-05,True
G00066-06,True
G00066-07,True
G00066-08,True
G00066-09,True
G00066-10,True
G00066-11,True
G00067-03,True
G00067-05,True
G00067-06,True
G00068-08,True
G00069-02,True
G00070-01,True
G00070-02,True
G00070-04,True
G00070-05,True
G00070-06,True
G00070-09,True
G00070-11,True
G00070-12,True
G00071-01,True
G00071-03,True
G00071-06,True
G00072-01,True
G00072-02,True
G00072-03,True
G00072-04,True
G00072-05,True
G00072-06,True
G00072-07,True
G00072-08,True
G00072-09,True
G00072-10,True
G00072-11,True
G00072-12,True
G00072-13,True
G00072-14,True
G00072-15,True
G00072-16,True
G00073-02,True
G00073-05,True
G00073-06,True
G00073-07,True
G00074-01,True
G00074-03,True
G00074-05,True
G00074-06,True
G00074-10,True
G00074-12,True
G00074-13,True
G00074-14,True
G00075-01,True
G00075-06,True
G00076-03,True
G00076-04,True
G00076-06,True
G00076-07,True
G00076-08,True
G00077-01,True
G00077-03,True
G00077-04,True
G00077-05,True
G00077-06,True
G00077-07,True
G00077-08,True
G00077-09,True
G00077-10,True
G00077-11,True
G00078-01,True
G00078-05,True
G00078-07,True
G00078-08,True
G00078-12,True
G00078-13,True
G00078-15,True
G00079-02,True
G00079-03,True
G00079-04,True
G00079-05,True
G00079-06,True
G00079-07,True
G00080-02,True
G00080-03,True
G00080-05,True
G00080-06,True
G00080-07,True
G00081-01,False
G00081-04,False
G00081-07,False
G00081-08,False
G00081-09,False
G00081-10,False
G00081-13,False
G00081-14,False
G00081-15,False
G00081-16,False
G00082-05,False
G00082-06,False
G00082-07,False
G00082-08,False
G00082-09,False
G00082-12,False
G00082-13,False
G00082-15,False
G00083-01,False
G00083-03,False
G00083-04,False
G00083-05,False
G00083-06,False
G00083-07,False
G00083-08,False
G00083-09,False
G00083-10,False
G00083-11,False
G00084-10,False
G00084-17,False
G00085-01,False
G00085-02,False
G00085-10,False
G00085-11,False
G00085-12,False
G00085-13,False
G00085-14,False
G00085-15,False
G00085-16,False
G00085-17,False
G00086-05,False
G00086-06,False
G00086-08,False
G00087-01,False
G00087-05,False
G00087-08,False
G00088-02,False
G00088-03,False
G00088-06,False
G00088-08,False
G00088-09,False
G00088-10,False
G00088-13,False
G00088-14,False
G00089-01,False
G00089-02,False
G00089-03,False
G00089-04,False
G00089-06,False
G00089-07,False
G00089-08,False
G00089-09,False
G00089-10,False
G00089-11,False
G00089-12,False
G00089-13,False
G00089-14,False
G00089-15,False
G00090-05,False
G00090-06,False
G00090-07,False
G00090-08,False
G00090-09,False
G00090-10,False
G00090-11,False
G00090-12,False
G00090-13,False
G00090-14,False
G00091-01,False
G00091-03,False
G00091-04,False
G00091-05,False
G00091-06,False
G00091-07,False
G00091-08,False
G00091-10,False
G00091-11,False
G00092-01,False
G00092-02,False
G00092-04,False
G00092-06,False
G00092-07,False
G00092-08,False
G00092-09,False
G00092-10,False
G00092-11,False
G00092-12,False
G00092-15,False
G00092-16,False
G00093-02,False
G00093-03,False
G00093-04,False
G00093-05,False
G00093-06,False
G00093-07,False
G00093-08,False
G00093-09,False
G00093-10,False
G00093-11,False
G00093-12,False
G00093-13,False
G00093-14,False
G00094-01,False
G00094-04,False
G00094-08,False
G00094-13,False
G00094-15,False
G00095-04,False
G00095-06,False
G00095-07,False
G00095-08,False
G00095-11,False
G00095-12,False
G00095-13,False
G00095-14,False
G00095-15,False
G00096-01,False
G00096-03,False
G00096-05,False
G00096-06,False
G00096-07,False
G00097-02,False
G00097-04,False
G00097-07,False
G00098-01,False
G00099-01,False
G00099-08,False
G00099-09,False
G00099-11,False
G00100-01,False
G00100-02,False
G00100-06,False
G00100-07,False
G00100-08,False
G00100-09,False
G00100-11,False
G00100-12,False
G00101-01,False
G00101-03,False
G00101-06,False
G00101-09,False
G00101-12,False
G00102-02,False
G00102-05,False
G00102-06,False
G00102-08,False
G00102-09,False
G00103-03,False
G00103-05,False
G00103-06,False
G00103-07,False
G00103-08,False
G00103-09,False
G00103-10,False
G00103-11,False
G00103-12,False
G00103-13,False
G00104-01,False
G00104-02,False
G00104-04,False
G00104-06,False
G00104-08,False
G00104-09,False
G00104-10,False
G00105-01,False
G00105-02,False
G00105-03,False
G00105-04,False
G00105-05,False
G00105-06,False
G00106-04,False
G00106-07,False
G00107-01,False
G00107-03,False
G00107-04,False
G00107-05,False
G00107-06,False
G00107-08,False
G00108-01,False
G00109-06,False
G00109-08,False
G00109-10,False
G00109-12,False
G00109-15,False
G00110-01,False
G00110-04,False
G00110-09,False
G00110-11,False
G00111-01,False
G00111-02,False
G00111-04,False
G00111-11,False
G00111-13,False
G00111-14,False
G00112-05,False
G00112-07,False
G00112-08,False
G00113-01,False
G00113-03,False
G00113-05,False
G00113-08,False
G00113-10,False
G00113-11,False
G00114-01,False
G00114-03,False
G00114-04,False
G00114-05,False
G00114-08,False
G00114-10,False
G00114-12,False
G00114-14,False
G00115-04,False
G00115-07,False
G00115-11,False
G00115-12,False
G00116-01,False
G00116-02,False
G00116-03,False
G00116-04,False
G00116-05,False
G00116-06,False
G00117-01,False
G00117-02,False
G00117-03,False
G00118-03,False
G00118-05,False
G00119-07,False
G00119-12,False
G00120-02,False
G00120-03,False
G00120-04,False
G00120-05,False
G00120-06,False
G00120-08,False
G00120-09,False
G00120-10,False
G00121-01,False
G00121-02,False
G00121-03,False
G00121-04,False
G00122-01,False
G00122-02,False
G00122-04,False
G00123-06,False
G00123-07,False
G00123-09,False
G00123-11,False
G00125-02,False
G00125-04,False
G00125-08,False
G00125-09,False
G00125-12,False
G00125-14,False
G00125-15,False
G00126-06,False
G00126-15,False
G00127-01,False
G00127-02,False
G00127-03,False
G00127-04,False
G00127-06,False
G00127-07,False
G00127-08,False
G00127-09,False
G00128-02,False
G00128-08,False
G00128-09,False
G00128-10,False
G00129-01,False
G00129-02,False
G00129-04,False
G00129-05,False
G00129-06,False
G00129-07,False
G00130-01,False
G00130-02,False
G00130-03,False
G00130-04,False
G00130-05,False
G00131-01,False
G00131-03,False
G00131-06,False
G00131-07,False
G00131-10,False
G00131-11,False
G00131-12,False
G00131-13,False
G00131-14,False
G00132-01,False
G00132-02,False
G00132-03,False
G00132-04,False
G00132-05,False
G00132-06,False
G00132-07,False
G00132-08,False
G00132-09,False
G00132-10,False
G00132-11,False
G00132-12,False
G00132-13,False
G00132-15,False
G00132-16,False
G00133-03,False
G00133-04,False
G00133-05,False
G00133-06,False
G00133-07,False
G00133-08,False
G00133-09,False
G00133-10,False
G00133-11,False
G00133-12,False
G00133-14,False
G00133-15,False
G00133-16,False
G00133-17,False
G00134-01,False
G00134-03,False
G00134-04,False
G00134-06,False
G00134-08,False
G00135-02,False
G00135-08,False
J00001-01,False
J00004-01,False
J00007-01,False
J00008-01,False
J00010-01,False
J00011-01,False
J00012-01,False
J00013-01,False
J00014-01,True
J00015-01,False
J00016-01,False
J00018-01,False
J00019-01,True
J00020-01,False
J00022-01,False
J00023-01,False
J00024-01,True
J00025-01,False
J00026-01,False
J00027-01,False
J00028-01,False
J00029-01,True
J00030-01,False
J00031-01,False
J00032-01,False
J00033-01,True
J00034-01,False
J00037-01,False
J00038-01,False
J00039-01,False
J00040-01,False
J00041-01,False
J00042-01,False
J00043-01,False
J00047-01,False
J00049-01,False
J00050-01,False
J00051-01,False
J00052-01,False
J00053-01,False
J00054-01,False
J00056-01,False
J00058-01,False
J00059-01,False
J00062-01,False
J00063-01,False
J00067-01,False
J00071-01,False
J00072-01,False
J00073-01,False
J00075-01,False
J00076-01,False
J00077-01,True
J00078-01,True
J00079-01,True
J00080-01,True
J00082-01,True
J00086-01,True
J00087-01,True
J00088-01,True
J00090-01,True
J00091-01,True
J00093-01,False
J00095-01,False
J00096-01,False
J00097-01,False
J00098-01,False
J00099-01,False
J00100-01,False
J00101-01,False
J00102-01,False
J00103-01,False
J00104-01,False
J00105-01,False
J00106-01,False
J00107-01,False
J00108-01,False
J00109-01,False
J00111-01,False
J00112-01,False
J00113-01,False
J00115-01,False
J00116-01,False
